Issue Type,Issue Key,Summary,Description,Epic Link,Priority,Story Points,Sprint,Acceptance Criteria
Epic,EPIC-1,Core Identity & Access Control,Establish user authentication identity and scoped RBAC permissions.,,Highest,,Sprint 1,All auth and RBAC requirements satisfied.
Epic,EPIC-2,Trip & Route Management,Manage trips destination routes and collaborator rosters.,,High,,Sprint 1,Trip creation and destination routing operational.
Epic,EPIC-3,Collaborative Itinerary & Activities,Schedule daily activities and assign tasks to members.,,High,,Sprint 2,Activity scheduling and assignment functioning.
Epic,EPIC-4,Group Expense Engine & Split Settlements,Track expenses calculate splits and reconcile group debts.,,Highest,,Sprint 2,Zero-sum split ledger and settlements operational.
Story,STORY-101,User Registration with Strong Credentials,"As a traveler, I want to create an account with email and strong password, so that my travel plans are securely isolated.",EPIC-1,Highest,5,Sprint 1,"Given a valid email and 8+ char password, When I register, Then an account is created and password hashed with bcrypt."
Story,STORY-102,JWT Authentication & Session Issuance,"As a registered traveler, I want to log in and receive a secure token, so that I can interact with the API securely.",EPIC-1,Highest,3,Sprint 1,"Given valid credentials, When I log in, Then a signed JWT token is issued with 24h expiration."
Story,STORY-103,Trip Creation & Default Owner Assignment,"As a trip organizer, I want to create a new trip plan, so that I am designated as the trip Owner.",EPIC-2,Highest,5,Sprint 1,"Given authenticated user, When creating a trip, Then trip is saved and creator is assigned 'owner' role."
Story,STORY-104,Fine-Grained RBAC Interceptor Middleware,"As a platform security architect, I want role-based middleware, so that unauthorized mutations are blocked with 403.",EPIC-1,Highest,8,Sprint 1,"Given a user with viewer role, When attempting to mutate data, Then server returns 403 Forbidden and logs security alert."
Story,STORY-105,Destination Routing & Ordered Stops,"As a trip planner, I want to add multiple destination stops with dates, so that my travel route is clearly mapped.",EPIC-2,High,3,Sprint 1,"Given owner or editor role, When adding a destination stop, Then destination is saved in orderIndex sequence."
Story,STORY-106,Collaborator Invitation & Role Delegation,"As a trip owner, I want to invite members and assign Editor or Viewer roles, so that companions can collaborate.",EPIC-2,High,5,Sprint 1,"Given trip owner, When inviting registered user with role, Then membership is stored and audit event logged."
Story,STORY-201,Daily Itinerary Activity Scheduling,"As an editor, I want to schedule day-by-day activities with time and location, so that the group has a clear schedule.",EPIC-3,High,5,Sprint 2,"Given owner or editor, When scheduling an activity, Then item is saved under the specified day number."
Story,STORY-202,Task & Activity Assignment to Companions,"As an itinerary planner, I want to assign specific activities to collaborators, so that duties are delegated.",EPIC-3,Medium,3,Sprint 2,"Given active collaborator, When assigned to activity, Then assignee avatar and name are displayed."
Story,STORY-203,Group Expense Logging with Payer Designation,"As a traveler, I want to record shared expenses with categories and payers, so that group costs are tracked.",EPIC-4,Highest,5,Sprint 2,"Given positive amount, When expense is logged, Then payer is credited and split group recorded."
Story,STORY-204,Zero-Sum Group Split Calculation Engine,"As a traveler, I want equal expense splitting among members, so that everyone pays their fair share.",EPIC-4,Highest,5,Sprint 2,"Given total cost and N members, When split is calculated, Then sum of all member shares equals total exactly."
Story,STORY-205,Greedy Minimum-Transfer Debt Settlement Matrix,"As a group, I want to know 'Who Owes Whom' with minimal transactions, so that settling debts is simple.",EPIC-4,High,5,Sprint 2,"Given debtor and creditor balances, When settlement is requested, Then minimum transaction graph is generated."
Story,STORY-206,Security Audit Trail & Forensic Telemetry,"As a security auditor, I want tamper-evident logs of logins and role modifications, so that actions are traceable.",EPIC-1,High,3,Sprint 2,"Given security events, When action occurs, Then log entry is stored with actor IP timestamp and status."
